snapshot_date,snapshot_time,source_id,ticker,quantity,tradable_quantity,market_price_kvnd,cost_basis_kvnd,weight_pct,day_change_pct,total_pnl_pct,total_pnl_vnd
2026-10-07,11:12,user_screenshot_2026-10-07_1112,FPT,252,252,60.30,98.27,41.22,-0.17,-38.54,-9540000
2026-10-07,11:12,user_screenshot_2026-10-07_1112,FPT_WFT,25,0,60.30,0.00,4.08,-0.17,,1510000
2026-10-07,11:12,user_screenshot_2026-10-07_1112,HPG,130,130,20.35,23.70,7.18,-0.73,-13.93,-430000
2026-10-07,11:12,user_screenshot_2026-10-07_1112,MBB,230,230,19.10,22.33,11.90,-0.52,-14.47,-740000
2026-10-07,11:12,user_screenshot_2026-10-07_1112,PLX,100,100,35.95,38.76,9.74,-0.69,-7.25,-280000
2026-10-07,11:12,user_screenshot_2026-10-07_1112,PNJ,285,285,19.20,49.45,14.86,-4.71,-61.07,-8610000
2026-10-07,11:12,user_screenshot_2026-10-07_1112,PVB,200,200,20.60,28.34,11.16,0.49,-27.32,-1550000
2026-10-08,10:08,user_screenshot_2026-10-08_1008,FPT,152,152,60.80,98.27,32.01,1.84,-38.13,-5700000
2026-10-08,10:08,user_screenshot_2026-10-08_1008,FPT_WFT,25,0,60.80,0.00,5.26,1.84,,1520000
2026-10-08,10:08,user_screenshot_2026-10-08_1008,HPG,130,130,20.30,23.70,9.14,-0.25,-14.36,-440000
2026-10-08,10:08,user_screenshot_2026-10-08_1008,MBB,230,230,18.95,22.33,15.09,-0.79,-15.14,-780000
2026-10-08,10:08,user_screenshot_2026-10-08_1008,PLX,100,100,37.05,38.76,12.83,2.35,-4.41,-170000
2026-10-08,10:08,user_screenshot_2026-10-08_1008,PNJ,285,285,18.70,49.45,18.46,-1.06,-62.18,-8760000
2026-10-08,10:08,user_screenshot_2026-10-08_1008,PVB,100,100,20.90,28.34,7.24,1.46,-26.26,-740000
